geo,country,price_0,category_0,page_type,age,gender,region,product_body_part,product_gender,product_age_desc,product_taxonomy_id,anchor_body_part,anchor_gender,anchor_age_desc,anchor_taxonomy_id,event_dow
3,0,1.8357628068019904,2,7,0,1,3,17,2,4,43,17,2,1,58,1
0,3,-0.49846983894958513,3,0,3,1,7,13,2,4,21,8,0,2,26,0
3,0,1.5206443228456372,3,2,3,0,8,9,2,0,10,18,1,3,97,2
2,3,-1.343146882420811,0,3,4,1,1,1,2,5,94,18,0,5,44,4
0,1,-1.9403691850862361,1,5,5,1,8,7,2,1,56,6,1,4,9,5
1,2,2.3182637122353436,2,5,3,2,5,19,2,0,56,2,0,1,60,2
0,2,0.6750715685867129,3,4,4,0,6,11,0,5,65,14,0,5,73,5
1,3,0.7438033119546481,1,6,0,0,2,0,2,5,46,18,1,2,82,4
0,3,0.16810607821930937,1,7,4,2,8,7,0,4,42,5,2,4,92,3
3,0,0.4715648316972745,0,6,0,2,9,11,1,2,52,8,0,5,7,5
2,1,0.7330247742119299,0,4,2,1,0,9,0,5,79,8,2,0,15,1
1,3,0.8821407870988828,0,1,1,2,9,6,1,0,38,16,1,4,18,4
3,1,-0.26612200569103456,0,4,3,2,3,6,1,4,26,19,0,4,59,2
3,1,0.0917054821610982,3,0,1,2,0,16,0,1,99,0,2,1,65,5
2,1,0.313513772202426,0,6,1,2,3,0,0,0,76,7,1,5,29,2
0,2,-0.22691319960935916,0,3,4,0,9,3,1,3,89,16,1,2,90,3
3,0,0.8220272761306003,2,3,4,2,3,2,0,2,99,5,0,0,1,3
2,3,-0.15540840107826484,0,3,0,2,1,14,0,5,90,6,0,4,61,1
2,1,-1.1197902179693697,0,3,4,0,9,10,1,0,43,6,1,3,87,1
3,0,-0.17930265182070526,0,0,1,1,7,12,2,4,76,15,2,3,55,2
0,3,1.3769502542005119,2,2,4,0,8,6,1,0,21,14,1,1,48,6
0,0,0.3102829672868978,0,4,0,0,2,12,1,4,14,3,0,3,17,0
3,0,-2.234112864319993,3,4,0,0,4,12,0,4,50,4,0,1,45,6
3,3,2.8184797200307115,2,3,3,2,6,6,1,3,41,2,2,2,46,0
3,2,1.737157917061808,2,2,2,1,8,16,2,2,78,12,2,4,44,5
0,3,1.6332842189412917,0,7,4,0,8,8,1,2,62,4,1,5,2,3
0,1,0.03857333014032855,3,6,1,2,1,4,0,1,20,8,0,1,8,6
1,3,0.5494397298755362,3,1,1,2,4,11,1,2,48,2,0,1,25,5
1,0,0.46749654818356606,3,1,0,0,9,10,1,4,2,6,0,5,43,2
2,2,1.380754990362208,1,3,4,2,6,17,0,1,19,19,2,2,35,0
0,0,-0.5440386096319005,1,2,2,2,2,5,1,4,91,5,0,3,8,3
3,0,2.1749912273167276,1,4,1,1,3,16,2,1,15,9,1,0,76,6
2,2,-1.62043878880582,1,4,5,2,4,5,0,5,31,8,0,4,36,2
0,3,-1.104445618822099,0,0,3,0,8,14,1,5,96,19,1,5,67,1
3,1,-0.6102229444466946,3,3,5,2,4,17,1,2,17,3,1,1,14,1
1,2,0.7799106082347006,2,2,2,1,1,11,2,3,79,4,1,3,15,1
1,2,1.4900635439131087,0,7,4,1,1,0,1,1,26,15,2,1,25,3
1,2,-1.2581193160074495,3,6,2,2,0,0,2,1,70,12,0,1,95,5
1,2,-0.9649177355930555,0,7,5,0,6,2,0,2,23,5,1,1,25,5
2,2,-1.9245019376772274,3,2,0,0,4,18,0,0,99,4,2,0,57,3
2,2,-2.2783505776878408,3,6,1,0,9,14,0,2,99,10,2,4,16,0
2,0,-0.2853508954878996,3,5,1,0,9,5,2,2,24,5,2,5,43,5
3,3,0.47483583489110326,0,6,3,1,7,9,1,5,3,16,1,3,20,2
0,0,-0.47239418697179597,1,3,4,2,1,0,1,3,51,12,2,1,74,5
2,0,-0.06272793667206739,2,0,1,0,5,2,1,4,34,11,0,1,51,3
0,1,1.3549229798506788,3,4,2,2,6,2,0,2,4,0,2,1,57,4
2,0,0.03810702267259098,1,0,4,0,5,10,1,2,67,19,1,5,1,5
0,3,-2.0390174629365445,0,4,3,2,4,17,2,2,38,16,2,5,45,0
1,3,-0.2036940928915493,3,7,0,1,6,8,0,2,59,9,2,1,16,3
2,1,0.6832679218815464,3,0,0,2,3,14,1,1,25,12,0,0,28,4
0,3,-1.6098100072455932,3,7,5,0,2,0,1,3,54,16,2,0,52,3
1,0,-0.2462394161778405,3,5,4,2,3,16,0,4,16,16,1,2,4,5
2,0,1.430726501282468,2,6,1,2,1,13,0,1,94,2,2,2,2,2
2,1,0.7140618952380147,1,7,0,0,8,8,2,2,19,18,1,5,68,5
3,2,0.29227662660651715,0,3,2,1,9,16,1,3,39,10,0,5,86,6
1,0,0.6419189795492248,0,6,4,0,6,3,1,2,82,2,1,3,67,6
2,0,1.1581293279784763,0,5,0,0,8,4,0,0,39,8,2,0,26,2
0,1,0.7293715896212559,1,3,0,2,9,19,0,2,30,13,2,1,66,5
0,0,0.9433779211833246,3,0,5,2,0,9,0,5,37,16,1,5,40,2
1,3,-0.30033139239773793,3,5,2,0,0,13,2,4,95,12,0,5,93,3
3,0,0.17799091036289258,2,1,0,2,6,16,0,5,68,4,0,5,29,6
0,3,0.7369988732623908,2,2,2,0,4,18,1,1,46,15,1,5,99,6
1,0,1.9491571863413308,2,6,2,2,8,3,0,2,92,6,1,2,18,5
2,0,0.17265376521465753,0,0,3,2,9,16,1,5,73,18,0,2,90,3
1,3,-2.3709018617186404,2,6,1,2,5,12,1,1,27,12,0,3,44,1
3,3,1.118434642216325,3,4,1,2,4,2,0,5,97,11,2,3,19,4
1,1,-0.4508071018512324,1,5,4,0,6,0,2,0,70,19,1,1,36,5
2,2,0.9457930099996759,0,4,5,0,8,11,2,0,41,16,0,3,20,3
1,2,-0.6917474726552504,1,1,5,0,3,9,0,4,93,8,2,4,14,1
1,1,0.6725491184091962,2,1,2,2,4,6,1,3,50,19,0,1,45,6
3,2,-0.9123345911545964,2,0,0,1,4,7,2,2,26,16,1,3,34,6
0,2,-0.5800405862359176,3,2,0,1,1,18,2,4,97,7,1,4,55,3
3,3,-1.1822426082142925,2,0,3,1,5,0,0,4,47,1,2,5,1,5
0,2,0.15906360938076694,2,2,2,1,9,17,1,4,26,11,2,3,73,0
1,0,-0.30763058038144886,0,3,5,1,7,17,1,4,85,7,2,2,86,3
0,3,-1.32406607853637,0,0,1,2,5,10,1,0,32,13,2,0,79,6
0,1,-0.7382434237203713,0,3,3,0,0,0,2,3,28,8,1,4,59,0
2,3,-1.0696804566012472,2,0,5,1,8,13,1,0,23,17,0,2,18,6
0,0,-0.40746018590954636,2,0,3,2,0,11,1,4,69,4,0,2,61,0
2,0,0.5789344823945931,0,1,3,2,0,17,2,4,45,16,0,2,38,3
1,3,-0.06991322502666539,0,6,4,0,6,1,1,1,27,8,2,5,11,0
0,3,0.8320889764407368,0,2,5,2,8,10,0,1,23,7,1,5,85,1
2,2,0.10635034423070967,3,1,4,0,3,14,2,2,20,5,0,5,91,1
1,0,0.26106315999698887,2,4,5,0,5,1,1,5,28,5,1,3,96,5
1,1,-0.1911499833114546,0,7,4,1,4,3,1,0,55,13,2,1,61,6
0,3,-0.5504763826823079,1,6,1,0,1,17,1,5,16,1,1,3,9,4
1,2,-0.6742261789369354,1,4,1,2,8,3,1,2,56,0,1,4,23,4
1,1,0.34925125232972537,2,3,0,0,5,3,2,2,79,14,2,2,6,3
3,1,-0.3663276532576257,0,2,5,2,9,14,2,3,67,8,1,5,89,5
0,1,1.1596778982331353,0,5,1,0,8,1,1,0,14,3,0,4,52,2
0,3,-1.034519455724072,1,0,4,1,5,0,0,4,69,6,2,0,66,3
1,0,0.9312676969194883,3,3,3,2,4,14,0,1,96,11,0,1,88,1
1,3,-1.1305458502377461,3,0,5,2,0,19,2,4,88,3,1,0,53,2
2,2,0.4687322928424654,1,4,4,2,9,11,0,4,51,2,2,4,30,3
3,1,1.5811641417965023,2,6,4,1,6,16,0,4,35,0,1,0,51,4
1,2,1.7981302195967017,1,5,1,0,2,2,2,3,89,19,2,3,17,6
3,1,2.166519162463674,2,3,5,2,3,14,1,3,80,19,0,1,21,0
0,0,0.32028213763131136,3,0,2,1,3,9,1,4,13,18,2,5,36,1
0,3,0.28785689537338904,3,0,4,0,0,19,2,4,83,12,2,5,40,3
2,3,-0.801700347778646,0,4,2,2,7,14,2,1,90,7,1,2,34,0
0,3,2.13121926172813,0,7,4,2,4,11,1,0,81,9,1,0,16,3
3,2,-0.6918980735581777,0,7,3,0,0,6,1,1,41,15,1,3,55,5
0,1,-0.704597832038938,3,5,4,0,4,13,2,1,7,11,0,5,0,6
0,3,-0.8044005011928457,2,6,4,0,8,8,0,4,63,18,1,2,98,4
2,0,0.07008958290206903,0,3,1,0,6,18,1,0,89,16,1,3,19,4
2,3,-0.19813223346545233,1,6,0,1,1,5,2,5,8,1,0,5,18,4
0,0,0.6781999221332667,2,3,5,2,8,5,1,4,6,8,1,3,51,6
1,0,0.8539526220470165,2,3,3,2,1,8,0,3,53,15,1,3,18,5
0,2,-0.5450090114206725,0,6,5,2,2,15,2,2,27,8,2,5,88,6
0,0,0.49260113935082656,2,6,5,1,8,4,0,3,0,0,1,3,95,6
1,0,0.104026160252341,1,2,1,2,8,9,1,3,71,6,0,5,21,2
2,0,1.0982629288893928,1,0,4,0,0,19,2,3,1,4,0,1,90,6
3,2,-1.0000823386425415,1,7,0,0,3,4,2,1,25,0,1,1,10,0
3,3,1.3976598437530658,1,1,4,2,7,5,0,0,1,8,2,4,82,0
3,3,1.469462615775074,3,4,4,2,5,7,1,3,47,13,0,5,65,5
3,1,-0.22091860475510466,1,2,1,2,5,3,1,2,92,1,2,3,58,4
2,1,0.4628557423453597,3,2,3,2,5,10,1,1,24,13,2,1,41,5
1,0,1.5178977003460192,0,0,2,2,3,15,0,1,55,5,0,0,43,5
1,0,0.3456316603508869,2,6,2,0,0,6,2,1,75,16,1,4,95,6
3,0,0.09596498381258953,0,6,2,0,1,5,2,0,38,6,2,4,56,6
3,2,-0.8686681527143576,0,1,5,0,4,6,0,2,5,1,2,5,4,6
1,0,0.21633482460573916,3,6,0,1,8,12,1,4,61,10,1,2,51,4
1,2,1.5052716476795716,2,5,5,1,2,11,0,0,89,15,0,3,36,2
1,2,0.20563180029223382,1,6,2,0,4,6,2,5,98,5,1,0,45,6
3,3,0.009206509282893537,0,1,0,1,1,18,1,3,90,9,1,5,66,2
0,1,1.6249306575099218,3,4,0,2,1,0,2,3,76,16,0,5,47,2
3,1,-0.10311582232694722,2,6,5,0,4,1,2,0,73,15,0,0,75,0
0,0,0.6743473926251576,2,7,5,1,0,13,1,0,73,10,0,0,66,3
2,3,-0.08641583911131422,3,5,0,1,2,15,1,0,49,15,1,1,24,5
2,0,-0.49562640430095284,2,2,0,0,1,15,2,1,7,5,1,3,20,5
2,3,0.2339968324817698,2,5,0,2,5,17,0,3,30,15,1,1,87,1
2,2,1.506991568603235,2,0,5,1,7,16,1,5,10,1,0,5,60,1
0,1,-1.7760614992062858,3,6,5,0,6,4,1,3,1,1,2,5,22,0
3,1,-1.3103458116505966,2,4,2,0,3,16,0,3,84,11,1,4,13,4
0,1,0.27914273236649706,3,5,0,1,3,5,1,5,42,14,2,0,21,6
2,0,0.7436208525548972,1,5,2,2,2,5,1,5,74,16,1,1,83,5
1,1,-1.2566589597295705,0,3,3,0,0,1,2,1,19,3,2,5,32,2
3,0,1.1109020487883783,1,6,5,1,7,14,0,5,50,12,0,4,16,1
0,0,-0.22988774130420742,2,1,2,1,1,11,1,3,79,16,1,5,90,3
1,3,-0.7910506805651717,0,7,0,2,0,10,0,3,33,16,1,0,44,5
2,3,-1.2365357129740833,0,6,4,1,8,17,0,5,23,6,2,4,92,1
2,3,-0.12452185994564634,3,3,2,1,5,4,1,2,10,15,0,5,46,5
3,1,-0.196130243661067,3,7,5,0,1,16,1,4,50,1,2,4,85,1
0,3,-0.4091206566796752,0,6,5,0,7,19,0,1,29,14,1,4,31,6
2,2,1.7976155492231773,1,3,3,1,0,18,0,4,10,2,0,5,87,2
3,1,-0.742524092635447,2,3,1,1,8,1,0,3,97,0,0,0,36,6
3,1,-0.3496799837850118,1,5,5,1,8,16,0,2,15,17,0,2,31,5
1,2,0.1396372591670689,2,1,1,1,6,13,1,0,6,3,0,2,74,2
3,0,-0.1357308966635458,3,4,5,0,7,16,2,4,82,16,0,1,42,6
2,2,-0.8863786596468647,3,4,4,2,9,13,1,2,1,16,2,5,75,4
0,0,0.42144446815382447,1,0,2,0,8,4,1,4,30,19,1,2,40,3
0,1,0.26054619220955977,0,3,3,0,6,15,1,1,25,12,0,2,34,5
1,3,-0.31138807270329183,3,3,5,0,4,19,2,3,77,6,2,2,76,4
1,3,-0.2828376351412427,1,3,2,1,3,1,1,4,20,3,1,3,30,6
0,2,0.6757036821231454,3,2,2,0,4,9,1,4,21,15,0,5,65,3
3,3,-1.9311542278685787,3,7,4,0,1,19,1,1,12,14,0,2,24,0
0,2,-1.404853527844128,1,2,1,1,2,16,2,2,4,19,2,0,64,3
1,3,0.359479768021545,1,4,4,0,2,12,2,3,9,14,2,0,97,3
0,1,-0.5669030588049714,3,7,3,1,6,12,0,2,26,8,0,0,88,2
0,0,-1.4005816560454118,1,4,0,1,2,7,0,5,64,14,1,0,72,5
3,0,1.8853543191770088,0,6,3,2,0,18,1,5,94,11,0,5,82,5
3,2,0.11342675707966629,3,6,3,0,9,18,1,0,57,2,2,3,2,5
0,3,-1.1447307069516772,3,2,5,2,5,13,2,4,71,6,1,1,15,2
1,2,-0.28248844871796036,3,3,3,0,0,15,2,5,47,18,1,1,79,4
2,0,0.3376217760899807,0,7,4,1,8,7,2,4,71,7,0,2,63,5
2,3,-0.09361297435159724,1,6,3,0,6,9,2,5,24,3,1,1,98,4
2,1,1.2031306700847677,3,4,3,2,7,0,2,5,6,5,2,4,44,5
3,0,0.704098093544529,0,7,2,0,0,16,0,3,71,0,1,0,25,2
0,2,0.5574882308174259,2,2,2,1,0,3,1,4,97,19,1,0,59,1
3,2,-1.4187889726236198,0,3,0,2,6,2,1,1,0,18,2,2,33,0
0,0,0.11982970978088041,3,5,2,0,5,4,0,1,97,13,1,3,27,4
3,2,0.5349033117867676,1,5,4,2,5,0,1,4,14,3,1,2,11,6
3,2,-1.0818093880757758,2,2,1,0,8,7,0,3,81,2,0,4,63,0
3,0,0.15439232608194775,2,7,1,0,8,9,1,5,2,7,1,4,84,5
0,0,-1.1483617874425895,1,6,4,1,2,5,0,5,63,7,1,5,61,6
3,1,2.7877670706717583,1,1,3,1,2,6,2,3,31,3,1,5,6,4
1,1,0.23215262835048386,3,4,5,0,4,2,1,4,33,19,2,4,43,5
3,2,1.1965784254556198,3,4,0,2,2,3,0,0,65,16,1,4,60,5
1,1,-0.07852624371232975,0,6,4,1,8,0,0,2,61,15,2,1,16,1
3,0,1.0652895810769718,0,4,2,0,6,0,1,0,40,11,1,4,10,1
1,3,1.7097282533197127,2,5,1,2,2,9,2,0,62,17,1,2,40,6
3,1,0.20544918849471736,1,4,3,0,5,1,0,5,45,1,0,4,26,4
0,2,-0.8736891645034099,3,1,3,2,0,16,0,5,5,8,2,3,88,6
2,1,-0.6836121759134883,2,2,3,1,7,6,0,3,8,8,2,4,13,6
1,3,0.13961094073781613,1,2,1,1,0,11,1,0,20,13,2,1,30,1
1,0,0.8735953639845612,2,4,1,0,6,16,2,4,71,3,0,1,17,6
3,2,0.6224229267008045,3,7,3,0,0,16,0,5,63,1,0,0,99,6
3,2,-0.3306035972204556,1,5,3,0,6,4,0,1,93,16,2,4,89,5
0,1,1.0068831948323278,3,3,3,0,5,5,0,0,66,8,1,0,32,3
3,0,-1.29328265944859,1,6,5,2,2,3,2,1,14,14,2,0,4,1
1,2,1.6015897799601326,2,1,4,1,9,9,0,5,81,0,2,2,36,3
2,1,1.0681035278211062,1,3,3,0,7,17,1,3,76,17,0,5,75,6
3,0,-0.99623447621629,3,1,3,1,1,8,1,1,86,18,1,1,12,6
0,1,0.8811801547802474,0,5,2,1,1,15,0,3,29,10,1,0,55,4
3,0,-0.12341609559194862,2,2,2,1,9,5,1,2,91,7,1,2,57,2
1,1,0.6556995460290438,0,7,0,0,6,4,1,5,61,6,1,1,83,3
0,2,0.49627020015946305,3,0,0,1,8,19,2,2,7,8,2,3,57,3
2,2,0.7315696208317858,0,1,3,0,8,0,0,1,45,16,2,5,24,2
2,1,0.4551145057109356,1,1,4,2,2,12,2,3,78,16,1,1,30,1
0,3,2.155808033864033,3,6,2,2,4,9,2,1,85,17,0,4,8,6
3,0,-0.028169107944108443,0,5,2,0,4,18,1,0,26,5,1,1,82,4
0,1,1.2409146150889356,1,3,0,0,4,17,0,3,12,19,1,3,29,4
1,3,-1.5859995371453424,1,6,3,1,4,18,2,3,40,13,1,2,23,2
2,1,0.5874425132113383,0,6,1,2,5,13,1,2,98,18,2,1,13,1
0,2,0.36414358057218926,1,1,0,0,7,18,0,1,86,0,2,0,59,5
1,1,-1.1631287460847526,2,4,1,1,8,3,1,2,28,11,1,4,40,4
3,0,-1.7302033767706853,0,6,0,0,6,15,1,4,3,17,2,0,4,4
3,2,1.3044219314464522,3,4,2,0,3,17,1,1,16,16,2,3,0,6
2,3,0.11645143406787913,2,2,0,1,9,4,1,4,74,8,0,5,52,0
1,1,0.13129584564641697,3,7,4,1,7,6,2,5,0,0,2,3,15,6
0,2,-0.3219585247862785,1,6,0,2,9,14,2,2,99,7,2,0,50,5
0,2,1.2091383924238885,2,6,0,0,6,1,2,5,29,19,2,5,12,1
0,1,0.17503857978071974,2,3,4,0,9,6,0,2,38,8,0,5,71,5
2,3,-0.15858542206580242,1,0,1,1,4,3,1,4,16,0,1,2,76,6
2,0,-1.1664196893167276,1,6,0,2,2,5,0,1,24,4,2,2,98,0
2,2,1.6914517173330113,0,0,5,0,2,6,0,1,10,3,2,2,74,2
2,1,0.8054051251088272,2,1,1,1,7,8,2,5,11,18,0,1,47,4
2,1,0.7544100593879973,0,7,3,2,0,8,1,0,95,11,2,2,90,4
0,2,-0.2953445082991146,2,7,5,0,1,3,0,3,86,6,0,5,54,6
2,1,0.411755615313245,3,3,1,1,4,15,2,2,31,6,0,0,63,4
2,2,0.348707796724606,1,2,4,0,3,7,2,3,36,8,2,4,42,1
2,1,-0.21929765696525838,2,4,4,2,6,9,2,1,49,18,1,3,67,1
1,3,0.8728079825375434,3,4,4,0,7,14,2,1,33,18,0,1,6,2
1,1,0.08056829188239811,1,5,0,1,4,19,0,5,33,10,0,3,48,6
3,1,-0.20586714494408748,0,6,5,2,8,15,0,1,55,9,2,0,38,1
3,2,-0.6243453183801356,1,1,3,0,0,10,0,5,14,6,1,1,92,5
3,2,-1.226141745020692,2,7,1,0,7,9,2,4,96,17,2,4,57,5
1,2,0.4042211636870772,2,2,5,2,0,8,2,3,91,10,1,1,99,3
0,3,-0.5142403404012832,2,2,0,1,5,17,2,4,76,14,0,1,78,5
1,1,-1.0555700905681908,1,1,4,2,1,19,2,5,28,19,1,5,99,5
0,2,-1.1245919955101067,1,6,3,0,3,13,0,4,56,8,0,5,15,0
2,0,-0.6501936025651596,0,1,5,2,9,5,2,3,57,19,1,0,33,1
2,1,0.10160549727278276,3,7,2,2,6,19,2,4,25,0,2,3,21,1
1,2,0.6318109996704933,0,1,4,2,4,13,1,5,22,2,0,1,97,2
0,3,0.11125610332948062,3,2,2,2,0,7,2,2,30,2,0,3,23,5
1,3,0.6008411242014227,0,6,1,0,9,4,1,5,7,9,0,3,96,1
1,3,0.9549432673981779,2,5,0,2,7,16,2,5,17,0,1,4,75,4
1,3,-0.49070033249743045,1,2,3,0,9,3,0,4,54,9,2,1,89,5
0,3,1.1097848889802868,0,1,5,0,7,18,2,2,11,9,1,3,95,6
0,0,0.3728293462195669,0,3,5,2,3,3,0,5,56,5,1,4,62,4
0,0,0.649700737231826,2,1,3,0,9,17,1,3,26,17,2,2,12,3
2,2,-0.9339418983065801,0,0,1,1,7,7,1,1,72,19,2,2,98,5
3,1,1.3067802013043357,0,6,1,1,4,18,0,1,76,16,1,3,72,0
0,3,1.2173986796858167,3,4,2,2,7,2,2,5,76,0,1,0,53,3
0,2,0.46656172310633565,0,5,5,2,7,8,1,1,35,1,2,2,93,2
1,3,-1.9885583934751687,2,5,2,1,5,1,0,5,46,0,0,4,91,5
0,2,-0.318192081700445,0,6,1,1,5,4,2,4,46,10,0,0,20,4
3,1,0.8281025591239262,3,5,2,0,1,15,2,3,9,11,1,1,20,6
1,0,1.3782672399457612,2,0,4,1,9,2,1,3,33,9,0,1,55,1
0,0,0.3326079593135178,1,6,5,1,7,18,0,2,23,8,1,2,10,6
0,1,1.0974472135195086,1,4,4,1,8,2,1,1,4,16,1,0,76,6
1,0,0.9329419240345032,3,7,3,1,6,18,1,1,47,13,2,4,98,2
1,2,-1.333629308211238,0,7,3,2,2,18,0,0,52,12,1,2,77,1
1,0,-0.14593867916152503,1,2,2,2,6,18,2,4,95,11,1,1,24,1
1,1,0.19830557475232255,0,4,5,1,7,1,1,3,17,16,2,3,51,2
1,3,0.653154139684636,3,3,1,0,2,7,1,0,91,17,2,0,90,0
0,2,0.26260612240002335,1,4,0,1,4,18,0,3,45,1,2,4,66,4
1,2,2.1057791298737922,0,4,2,0,9,2,0,0,18,10,2,1,81,2
3,2,0.9845935526889125,3,4,3,0,3,3,2,4,13,6,0,4,70,3
0,3,-0.15896437206437716,3,4,0,0,7,15,1,3,17,0,1,4,66,6
3,3,-0.10206482549676173,3,0,1,1,8,16,2,4,80,5,0,4,97,5
0,0,-0.3268809829298405,0,7,4,1,1,12,2,1,53,5,2,0,67,6
2,0,0.7255250296154523,1,3,4,1,2,17,1,4,3,17,2,0,56,3
3,0,-0.5156728654755597,2,6,5,0,9,11,2,0,16,16,2,5,53,2
0,3,-1.3273004625203804,2,2,5,0,9,15,2,4,78,16,2,0,28,2
1,1,0.39403099360418875,1,0,5,0,5,17,0,4,89,10,1,5,21,1
3,3,-1.2341155118064255,0,3,0,1,3,16,2,2,46,12,0,5,36,2
3,2,-2.1790455902241046,0,1,3,0,9,12,0,3,89,19,2,3,29,2
0,0,-0.3879111637624936,3,6,1,2,5,19,0,3,12,10,2,1,90,4
2,2,-1.7611611460578245,3,0,5,1,3,18,1,0,94,11,2,4,69,1
2,3,-0.8886551805293847,1,4,4,2,1,6,0,1,55,15,1,1,74,6
1,2,-1.6728628533628187,0,5,5,1,7,11,2,2,15,7,0,0,79,1
1,1,0.3409655366025571,0,2,2,0,8,7,1,3,54,7,1,2,86,5
0,0,-0.003178829005071703,3,7,0,1,4,3,0,3,89,8,2,4,63,2
1,0,1.0291000997459692,1,6,3,0,7,16,1,0,3,2,1,0,3,0
0,3,1.801310407836906,2,5,5,0,1,16,1,3,16,17,1,5,45,4
0,2,1.9762104622606769,3,7,4,0,1,3,0,2,63,17,0,0,13,0
1,0,0.5079297284832975,0,4,4,1,5,16,1,3,37,6,1,5,97,5
3,0,0.09111295098988521,1,6,4,2,1,9,0,5,4,7,1,2,26,2
2,1,-0.756774393983733,3,3,2,1,3,9,1,1,75,11,1,2,22,1
0,3,-1.7298564669632155,1,3,0,2,7,12,1,1,33,7,0,3,9,6
2,1,-0.7618242033178305,2,6,3,2,4,8,2,2,46,3,2,0,38,0
3,3,-1.3056149769329612,3,1,5,1,2,16,2,3,78,7,1,5,93,3
2,2,1.0741601383269348,2,2,1,2,9,4,0,4,91,17,0,0,96,6
2,3,-1.2914782857940146,2,7,5,1,6,16,2,1,21,5,2,5,62,4
0,2,0.704446794759735,3,1,3,1,4,4,0,3,1,6,0,5,85,1
0,0,1.5020911862864668,2,0,0,1,7,1,0,3,59,17,1,1,32,6
1,1,-0.16013494509785442,2,5,5,1,9,5,2,2,88,12,0,1,46,1
0,0,-0.31164240484993266,1,1,1,0,0,0,1,3,46,4,0,4,51,1
3,0,0.009817058379011763,0,2,4,2,4,2,0,2,10,18,2,1,7,3
2,3,-0.34737826691681106,1,6,4,1,6,4,2,5,12,9,2,0,53,1
0,0,0.5871295674732262,3,0,4,1,2,18,0,2,41,3,1,0,66,2
3,0,-3.25800189167617,2,7,1,2,7,9,1,1,7,13,1,1,55,5
1,2,-0.68951026448322,2,5,4,2,9,6,0,3,18,13,0,4,93,6
2,2,1.935921647874975,2,3,2,1,6,5,0,0,94,14,2,1,80,1
2,2,-0.8789530281443885,3,0,4,0,9,11,0,3,95,6,2,4,37,6
2,1,-0.19337059978752463,0,0,5,1,4,13,0,0,53,14,1,5,50,2
0,2,-1.8911343930941151,3,5,1,1,5,19,2,0,6,12,1,3,7,5
1,3,-0.08584737992659934,1,0,4,2,9,11,2,1,90,14,1,3,94,5
2,1,-0.024370113805150598,1,5,4,2,8,13,0,1,58,8,2,1,63,4
1,1,-0.26897339402600184,0,3,2,2,7,1,1,5,35,17,1,3,85,2
0,3,0.5636957163995497,0,1,3,0,6,10,2,1,76,10,0,4,45,0
3,3,0.4217843930245952,3,7,1,2,1,18,0,1,10,1,1,5,90,3
1,1,-0.8020568877042676,1,6,2,0,5,18,1,0,19,14,2,0,49,4
3,2,0.6927455381284655,2,7,5,0,5,5,1,3,11,5,2,2,9,1
3,0,-1.235971675296525,3,4,5,2,8,9,1,5,53,15,0,4,51,1
0,3,-1.448188114113398,2,3,2,0,1,7,2,5,71,1,0,5,70,3
3,1,0.24792660898817448,0,3,0,2,1,10,1,3,48,14,2,1,92,2
3,3,-1.5113062792740881,1,3,1,2,7,10,0,0,53,10,1,4,97,3
2,0,0.068658573568064,1,0,3,0,6,17,2,2,37,6,2,1,64,4
0,1,-0.7823411271907457,0,7,2,2,7,1,0,5,26,10,2,0,67,2
0,0,-0.7127115169675196,0,3,4,1,9,0,0,0,89,10,2,5,5,4
0,2,1.877455597908081,3,1,2,1,0,9,1,5,61,12,2,4,91,0
1,0,0.25682624141122895,2,4,4,2,7,6,0,3,4,9,0,2,82,0
3,0,-0.8102178948050993,3,5,3,1,6,15,1,4,32,12,1,2,82,6
1,2,0.7558928095857299,1,6,2,0,1,17,2,0,81,11,0,3,18,5
0,3,0.1591062631049613,0,6,1,0,5,11,0,4,67,10,0,5,43,5
2,1,-1.6467812126790946,0,4,4,0,3,15,1,3,53,0,2,1,82,5
3,0,0.2904569783791646,2,7,1,1,6,0,2,4,39,10,2,5,21,0
1,0,-0.5305686247596919,0,5,5,0,0,16,0,5,20,6,0,0,8,0
1,3,-0.8801940394500863,1,3,5,1,1,11,0,2,52,18,1,3,11,3
0,3,2.468558533630915,0,6,1,2,3,19,1,2,81,15,0,2,26,3
2,2,-0.2696956043793176,2,3,1,2,9,9,2,1,51,3,1,4,68,3
3,0,1.5959078866944065,2,0,1,1,7,14,0,1,31,1,1,3,7,6
0,3,-0.5941839087225902,2,6,4,2,5,7,0,5,87,4,1,4,62,3
1,1,-0.340991923299801,3,3,2,1,6,4,1,4,48,18,1,3,90,3
2,3,0.06002632238697582,2,5,2,1,9,10,2,4,86,7,2,5,22,3
0,2,-1.2359248155372338,0,0,4,1,3,15,1,2,79,18,0,2,89,0
1,3,0.24765477275123737,1,6,4,1,6,12,1,2,67,19,0,1,62,3
2,3,0.29775927114637596,2,5,0,1,9,0,1,2,90,11,2,4,49,3
3,3,-2.218270497952399,3,5,1,0,4,7,1,3,4,8,2,1,61,1
3,1,0.24283900731049562,2,6,5,1,2,4,1,1,3,13,0,1,35,2
1,1,0.08340154625256406,2,3,1,0,1,0,2,1,35,11,1,1,82,1
2,0,-1.703261875821616,2,4,2,2,5,13,1,0,35,0,1,5,6,1
2,3,-0.7714185939287942,2,2,2,1,7,4,1,2,52,9,0,0,84,5
3,3,0.13180688237594018,0,4,3,1,6,0,1,5,11,1,2,5,22,1
1,1,0.24079246812913135,3,5,3,2,1,3,2,1,16,9,0,4,73,6
1,0,-0.7928366775538132,0,2,4,0,6,8,1,5,43,17,2,1,70,2
3,1,-1.1759519437546522,3,2,4,2,9,19,2,5,19,13,0,5,24,0
3,3,1.5573252678718092,3,2,4,0,6,2,1,1,65,4,0,3,90,3
1,0,0.39746277191891033,1,4,2,1,8,13,1,5,54,12,1,1,49,2
0,2,-1.561258507520433,0,2,1,2,1,16,0,3,26,8,0,3,74,1
1,2,1.2125748045853866,1,3,4,1,0,11,0,3,67,5,1,4,3,4
1,3,-0.20119459005209556,2,7,2,2,1,17,2,2,71,9,2,1,1,4
0,2,-0.4329236323868308,3,6,0,0,3,15,1,5,17,6,1,4,59,4
1,3,0.10798631258373609,0,4,2,1,6,18,2,4,70,4,2,0,6,2
3,0,-0.49281542294632036,0,6,5,2,4,14,0,0,5,3,2,0,16,4
3,1,-1.0742816082124893,1,3,3,0,0,16,2,3,20,7,0,1,35,5
0,1,0.06369127829043392,1,1,2,2,7,9,0,1,50,11,2,5,78,1
2,1,0.2871580712725811,1,3,2,1,3,7,1,3,81,4,2,0,59,0
1,2,-1.0320720157577685,1,4,1,0,5,0,1,0,51,4,2,4,75,0
2,1,-0.2307438928593325,0,1,0,0,6,10,2,3,72,3,2,0,80,2
1,0,-0.03581983401357994,3,1,4,0,1,1,0,1,73,6,0,1,78,6
3,2,0.21413906803664795,1,2,4,2,5,7,2,1,19,19,2,4,74,4
3,3,0.8008773424185089,0,1,1,0,1,16,0,0,53,13,0,2,80,1
1,3,0.4537104636598611,2,3,0,0,6,19,2,2,80,10,0,3,87,0
3,2,-0.12834817174749333,0,1,1,1,4,4,0,4,80,19,1,3,46,4
3,1,-0.4055855250138287,1,2,4,0,6,15,0,4,60,4,1,3,65,2
3,0,-0.06960623718822581,0,1,3,2,3,4,1,4,8,1,2,0,75,3
0,3,0.5095221920656072,3,5,5,1,1,11,1,1,79,18,2,3,18,1
2,3,0.12029462890156029,0,1,2,1,1,14,1,2,83,6,2,3,40,0
0,3,0.5696269263303312,1,0,0,0,1,1,1,1,19,4,0,1,41,2
2,3,-0.5442326963697052,2,0,5,2,9,17,0,5,6,11,0,0,35,3
3,3,-0.47058549917083864,2,5,5,1,1,12,1,4,1,8,0,4,83,2
3,0,0.4299899087225262,1,1,3,0,4,9,0,4,57,18,1,5,36,5
0,1,-0.5504383059775236,2,5,1,0,4,13,1,2,66,8,1,2,79,4
1,2,-4.608351757651399,0,3,4,0,4,13,0,3,73,9,1,1,9,0
2,3,-1.4051890720825209,3,6,2,2,9,16,2,0,27,16,2,0,43,3
0,2,-0.21569803640023816,2,1,2,1,8,5,0,3,83,19,1,4,24,0
0,1,-0.3925789891147972,1,1,2,2,9,4,0,5,29,18,2,2,29,4
2,0,0.21990951337439377,1,5,1,2,3,8,0,2,25,12,0,4,81,5
2,2,-0.7840420897194575,1,6,1,2,3,18,2,3,28,18,2,2,97,3
2,3,-0.639542090885102,1,7,2,1,3,0,0,4,58,16,2,2,24,6
1,1,0.046729465914352515,3,7,5,1,3,19,0,1,14,3,1,3,58,1
3,1,0.9258244260675482,3,3,0,0,9,6,1,2,63,17,0,0,38,0
0,2,0.9902927917205521,3,1,0,1,5,4,0,0,12,3,0,1,56,5
3,2,0.0262900914847215,1,7,5,1,3,7,2,4,12,17,0,3,55,1
3,3,-1.4471235707034729,1,2,0,0,2,17,1,4,37,12,1,5,0,5
1,3,-0.4530291039137327,3,5,1,2,8,11,2,1,97,16,0,4,75,4
2,2,-0.5156498329416518,2,1,5,1,6,9,2,5,50,16,2,2,9,1
0,0,-0.7479800572404078,0,7,4,2,9,9,2,4,39,4,0,4,76,1
1,3,-0.7237146890229833,0,1,3,0,3,17,0,0,79,14,1,1,37,3
1,2,-2.1547977240396374,0,7,5,2,4,4,0,2,6,3,2,4,44,1
1,3,-0.8157864121372468,3,2,4,0,6,13,2,5,19,14,0,5,14,0
3,2,-0.2978868462379494,1,2,1,1,5,9,0,1,12,7,1,4,18,3
1,3,-1.379680928232453,2,2,1,0,3,11,1,4,69,5,1,0,44,2
1,3,-0.46356003961672054,2,3,3,2,8,18,1,4,46,13,0,0,44,6
1,0,0.017847036729947707,2,5,2,1,8,19,1,0,69,18,0,0,9,5
0,1,1.9081114763698674,3,2,2,0,8,18,1,2,98,15,2,5,23,5
2,1,-0.6648589803870169,2,4,4,2,8,18,2,5,30,13,2,4,83,4
2,2,0.42505388138527694,1,3,5,0,4,16,0,5,22,16,0,2,7,2
3,0,-0.09950222054496552,3,1,0,2,5,6,2,0,20,0,2,4,31,0
1,2,1.466848817795631,0,2,0,0,7,7,0,5,1,13,2,0,23,6
3,0,-1.483946432339144,0,1,3,0,5,12,2,4,59,1,0,1,63,5
1,1,0.5594284235624987,0,6,2,2,0,15,2,2,94,4,2,4,29,6
3,0,0.06720946125493163,3,1,1,2,4,6,0,5,41,3,2,3,39,4
2,1,1.0719732471563614,2,1,2,2,2,2,0,1,76,19,0,4,71,0
3,1,-0.6302718966128898,3,1,2,2,0,12,1,2,33,12,2,4,52,0
2,3,-0.8048206635144087,3,2,3,2,7,5,0,5,83,3,0,1,57,0
1,3,0.5131281054177101,3,4,2,0,6,15,0,4,75,13,0,5,45,1
0,2,1.4121876043588706,3,3,0,0,1,10,1,0,28,13,2,5,72,2
3,1,-0.47092359854246474,0,0,2,2,3,13,2,0,22,18,2,4,31,2
0,2,0.04140799812181584,3,2,0,0,4,11,0,2,73,15,0,4,96,3
0,0,1.0427897936399508,1,7,3,0,5,13,2,0,57,10,0,1,96,0
2,1,-0.8140330105935477,2,5,3,1,6,1,2,2,53,4,2,5,59,6
3,1,-0.510507090459542,2,7,5,1,1,15,2,3,10,9,1,5,89,5
3,1,-1.0357132076067253,2,0,3,1,5,13,0,0,51,7,2,3,3,3
0,2,0.18762850879376403,0,0,3,1,6,0,0,4,20,4,1,2,18,4
3,3,-0.04650504986171061,2,2,3,1,0,5,1,1,86,15,2,2,44,6
3,3,0.343729305628361,1,2,1,0,5,7,1,2,90,15,1,2,18,1
0,0,-1.0412056836320636,2,6,1,0,7,15,0,1,53,6,0,4,9,0
3,2,0.6998551467429867,2,5,3,0,3,5,2,2,76,6,0,4,65,2
2,1,-0.7155879533177066,2,3,5,2,4,19,2,2,49,3,0,0,51,5
1,3,0.07837179712101457,0,2,4,0,7,7,0,4,83,18,0,5,41,6
3,2,0.25471616810778963,1,6,4,0,5,11,0,0,76,0,2,0,69,6
3,2,-1.3383480931890468,0,7,1,0,0,10,2,4,5,10,1,5,40,6
3,0,0.06535587718243607,2,4,0,2,6,0,0,1,98,3,2,3,84,6
1,3,0.8169716861616219,3,2,5,1,9,15,2,2,29,14,2,3,85,2
0,1,-0.35546436531383724,1,2,3,0,6,0,1,4,88,3,1,2,12,2
3,2,-0.43590128151517726,2,7,5,0,3,15,1,4,69,17,1,5,5,2
1,3,-0.08416723488981155,3,6,3,1,3,9,1,1,8,4,2,4,29,3
1,2,2.964113386111034,1,3,1,2,0,10,1,4,78,2,2,5,51,3
3,3,0.21229227495015862,3,5,4,1,7,11,1,5,7,0,2,1,3,4
2,2,-0.43059764712952453,3,7,3,2,7,9,0,1,98,8,0,4,98,1
3,2,1.040701489659169,2,5,1,1,9,12,1,3,89,18,0,4,45,1
1,1,0.5441286067527441,2,4,3,2,9,19,0,2,58,12,2,1,5,6
1,2,-0.08444933155612479,0,1,5,2,6,15,2,5,68,15,1,1,6,4
2,0,-1.2907293802000785,2,1,0,0,7,8,0,5,26,6,0,4,71,1
1,3,0.23792303086993288,3,6,5,1,8,8,2,2,8,14,2,5,88,6
1,2,0.4707170091096556,1,2,4,2,2,2,0,3,97,6,0,1,6,5
0,3,1.0229397045020991,3,3,0,0,5,6,2,2,48,7,0,5,22,5
1,3,-0.10158087064465843,3,1,5,0,2,19,1,1,2,15,1,2,9,6
3,2,-0.8848780395846025,1,1,2,1,5,1,1,5,17,16,0,0,97,4
3,1,-0.45743235570709007,3,1,2,0,4,3,1,0,62,15,0,4,8,2
0,1,-1.6452856697263312,2,0,3,1,7,19,2,3,65,19,2,0,51,6
3,2,0.01103322684740674,0,0,0,0,6,3,0,2,23,15,0,2,66,1
1,3,-0.20061255095768443,2,4,2,0,6,1,1,4,95,4,2,0,14,4
1,2,-2.0410589466370257,3,6,0,2,8,16,2,4,97,17,1,2,5,5
3,1,0.1941510227246195,1,3,2,1,3,10,0,0,53,2,1,4,17,6
1,3,-2.3069907438056547,0,6,5,2,9,3,1,1,25,11,1,4,6,2
3,3,-1.794850092283943,2,5,5,0,1,18,2,3,88,7,1,1,67,4
2,3,-0.5179095004890977,3,4,0,2,3,10,1,5,48,2,0,0,97,1
2,0,1.063873097613864,1,7,0,0,9,17,2,4,85,3,0,2,42,5
1,2,-0.6266616955787832,0,7,1,0,7,0,1,3,81,2,2,2,15,2
2,3,0.3077540693284317,1,6,0,2,3,7,2,3,83,11,2,2,98,2
0,2,-0.2966677784079315,0,2,1,1,6,3,2,1,34,8,2,4,70,6
2,1,2.1256096271411646,1,7,0,1,7,7,2,1,18,3,0,0,20,0
0,2,-1.2769608087436237,0,1,0,1,3,1,1,0,19,9,0,5,94,6
2,1,0.6137693192157307,3,3,3,1,4,13,0,1,3,3,0,4,33,3
1,0,-0.3200782416464663,0,1,2,0,4,3,1,5,42,2,2,0,17,2
1,0,0.0821579233257782,1,7,2,0,2,0,2,0,31,19,1,2,38,6
2,1,-1.685083563507887,2,1,2,2,7,0,2,5,75,16,2,2,58,3
3,1,-0.9551075131713828,3,4,4,1,9,1,1,0,6,3,1,2,17,0
3,0,0.5576280970715566,2,7,4,0,4,15,2,3,9,13,0,5,26,4
3,3,0.09754563974501436,2,3,5,1,1,10,2,1,20,16,0,0,81,0
1,0,0.4668906986084655,1,6,1,0,4,9,2,0,16,5,2,0,44,6
2,2,0.041249701212156833,2,5,0,2,6,17,0,5,17,17,0,0,91,1
0,2,0.5286461793588938,2,3,3,1,4,10,2,1,83,3,1,1,33,5
0,3,0.9138286610150251,0,3,3,1,3,12,0,3,84,0,0,0,62,4
2,1,-1.5508583422708546,2,7,5,1,3,15,2,3,69,18,2,4,48,3
2,0,-0.5007543958454482,0,2,0,1,0,19,1,0,8,3,1,1,95,3
0,0,0.18618950071645943,0,5,3,0,9,11,0,2,32,17,0,0,79,6
0,1,-0.6024925458718042,0,4,0,1,5,17,2,5,25,3,0,1,70,4
3,3,0.09128910430713258,3,6,3,1,1,16,2,3,36,8,2,4,38,1
2,2,0.5931895073647283,3,6,4,2,0,6,2,2,87,4,1,3,41,3
2,2,1.2264903930644722,2,3,5,1,4,10,0,1,54,6,1,3,21,6
0,0,-0.6154618406186436,2,3,0,1,2,1,1,1,42,8,1,0,9,5
3,3,0.288028400013142,2,7,1,1,6,10,1,5,29,11,1,3,97,0
3,2,-1.6897673708567764,1,0,5,1,0,13,1,1,24,1,0,1,44,6
2,2,0.7811853134133072,3,0,3,2,1,10,0,5,18,11,1,4,65,6
3,2,0.3152656905099206,2,7,1,2,9,8,2,2,69,14,2,2,18,2
0,0,0.35335969747086066,0,0,1,1,1,7,0,1,77,12,0,2,75,5
1,1,0.3481981517016813,2,0,5,0,0,3,0,2,34,10,2,2,38,3
0,3,-0.742657101408639,0,5,3,2,9,10,0,3,13,10,1,3,40,0
1,0,-0.932966287821125,0,5,2,1,4,17,1,4,44,18,1,2,83,1
2,2,-0.33128707162953835,1,7,5,2,0,10,2,0,13,19,1,5,43,0
1,0,0.37087679854595607,0,5,5,0,0,4,2,5,46,16,1,5,46,1
1,3,-0.6100150478083175,0,1,5,0,9,3,2,1,33,7,1,5,40,6
0,2,-0.1918186867809015,3,0,1,2,1,16,1,5,57,16,0,0,99,2
0,2,-1.343640131303668,2,0,4,1,6,15,2,4,5,3,0,1,35,0
0,0,1.077464464774973,2,4,4,1,3,9,2,3,20,6,0,3,98,6
0,2,0.2993138202056879,2,0,3,2,7,2,0,4,50,11,1,2,37,3
2,0,-0.2873959672848794,1,3,2,1,0,5,2,3,75,2,1,0,31,1
3,2,-0.34189267857215894,0,3,5,2,8,11,0,4,47,0,2,5,0,3
1,1,-1.5511090210052407,0,6,3,1,4,0,1,5,67,10,0,2,29,6
3,2,-0.9413040598689006,3,6,4,2,1,19,2,2,56,6,1,0,11,1
0,2,0.44023661951923565,3,3,0,1,6,15,2,2,33,6,0,4,16,0
1,1,-0.008791275292434628,0,6,3,1,6,4,2,4,16,6,2,3,85,3
0,0,-1.208935214306698,1,3,3,1,9,15,0,0,14,0,0,1,72,0
3,0,1.4836732251217963,0,6,5,2,7,8,2,2,90,16,2,3,3,3
1,0,-1.3498215900489192,1,0,4,0,3,16,1,2,66,19,2,3,67,5
1,0,0.7668824763866068,2,0,4,1,7,3,0,4,14,2,0,2,40,5
1,1,-1.5253630697678464,0,7,3,2,3,2,0,3,90,18,2,2,34,5
2,1,-1.8162752945706315,3,6,1,0,2,13,2,2,10,12,2,3,40,4
0,0,-0.5615637111439384,0,5,5,2,7,17,1,0,12,8,2,0,35,2
1,3,0.46285200448720437,1,2,1,2,5,2,0,1,14,16,1,3,73,4
0,3,0.797578714924848,3,1,4,2,2,5,2,2,46,19,0,0,50,2
0,3,-1.6004594198217388,2,2,3,2,4,14,2,1,93,10,2,5,69,1
3,3,0.8423391817251669,2,3,2,2,3,11,2,0,56,17,1,2,27,5
1,2,0.7071444162592749,0,4,5,1,3,17,0,3,30,6,2,0,81,5
0,1,-0.17025690422211037,3,3,2,2,3,4,2,2,29,0,0,4,62,0
3,0,0.7730556018335112,2,2,1,2,4,16,0,3,47,8,2,1,30,5
3,0,0.5604253809729268,0,7,1,0,4,10,2,3,70,2,0,3,94,4
0,2,0.9860862795850822,3,2,1,2,7,15,2,0,1,4,1,0,58,0
0,0,1.459575983612154,1,0,1,0,8,1,1,3,51,5,0,0,97,3
3,0,-0.6657582519373509,0,4,4,2,7,13,2,0,24,6,2,2,11,0
1,1,0.8202206431725566,0,3,0,2,2,13,2,4,3,15,1,1,68,2
2,1,-0.19552669085326216,0,3,5,1,6,0,1,1,74,16,2,5,32,1
0,2,0.4209334416830466,2,3,5,0,7,9,2,0,13,17,0,5,14,1
2,2,0.28921766855454584,3,7,4,1,1,0,2,3,72,5,1,4,69,3
1,2,0.15678161820925224,1,5,4,1,7,1,2,2,25,8,1,5,24,5
0,2,1.013801144875824,0,4,0,0,5,12,0,5,4,19,2,1,11,6
0,1,0.1935459037708166,1,0,2,0,5,11,2,4,99,4,1,4,47,6
3,0,0.11817296782598308,0,6,2,1,6,9,0,5,55,1,2,1,52,4
2,2,-0.5764707233210186,2,4,3,0,5,4,1,0,19,7,0,3,92,4
3,1,0.2651581419631967,2,2,2,0,2,12,1,5,27,19,1,3,98,1
3,2,0.03994283245428522,1,4,1,0,6,19,0,4,61,7,2,5,60,3
3,3,1.4286238761191619,2,5,0,0,0,14,1,0,67,11,2,2,17,6
3,3,0.016228018350706908,1,0,1,2,0,15,0,5,51,3,1,2,32,5
1,3,0.9024216841605429,1,4,2,0,3,15,2,0,16,7,1,4,30,5
1,0,-0.19594927759801567,2,6,2,0,4,5,2,3,8,1,2,0,48,1
2,0,-0.03770586459264487,2,7,4,2,5,15,2,4,47,15,2,3,28,3
2,0,0.3328859543209427,0,5,0,1,1,9,1,0,47,9,0,2,78,5
2,1,0.6974721945035485,2,6,3,2,9,15,1,3,58,1,2,0,23,2
3,3,0.1548442284256224,3,2,1,0,8,6,0,0,52,3,0,4,87,0
2,1,1.8430695160443544,0,4,2,0,9,8,1,4,73,4,2,3,95,2
0,3,-0.957186287352599,3,6,3,2,2,11,1,2,43,16,0,1,53,2
1,1,-1.060143217789761,0,3,0,1,3,11,1,2,76,8,2,5,82,0
1,1,-0.34817950294342703,0,3,4,0,3,5,1,5,27,6,0,3,49,0
3,2,-0.8249841585025194,0,2,4,0,5,19,1,5,64,18,0,3,14,6
1,0,-0.24911948084714375,2,0,3,1,8,4,1,0,49,18,0,0,51,2
2,1,-0.29048083317291795,3,2,1,1,6,6,2,3,31,18,0,0,42,3
0,3,1.7982967795270433,1,4,5,0,8,18,0,0,89,15,2,3,86,3
2,0,-1.5248047261746722,0,0,3,0,7,13,1,0,36,6,1,4,1,6
3,0,0.08149287763095532,3,4,2,1,6,14,2,2,71,7,2,5,23,1
1,2,-0.6753235792721227,2,0,4,1,2,3,1,4,77,0,2,0,48,6
1,1,0.4762046775218362,2,2,4,1,9,13,1,2,58,10,1,0,63,6
2,2,1.9344449448078556,3,1,3,2,3,4,1,5,99,9,0,1,88,3
1,1,-0.9958857876225553,3,2,4,2,2,15,1,5,79,17,1,1,78,3
1,1,-0.6551697027443304,2,2,0,1,2,9,0,4,88,9,0,2,2,1
3,0,-0.7011877694447122,0,6,1,0,6,1,2,1,91,11,2,0,42,1
0,2,0.6364247204778809,0,2,0,2,8,7,0,2,45,3,2,5,7,1
2,3,0.29800898174518253,0,3,1,1,2,1,1,3,22,8,1,5,25,1
2,3,0.22030723403921848,3,4,5,0,4,19,0,4,31,9,1,0,33,3
0,0,0.5028693225592245,1,7,0,1,6,8,2,5,4,7,2,3,23,5
2,3,-0.20909039966531442,0,6,2,1,8,11,2,4,89,17,0,4,31,0
3,1,1.2612330105932055,3,5,3,0,8,9,0,5,80,0,0,1,48,6
0,2,0.30095690298284683,2,4,0,0,0,18,0,5,1,6,1,5,55,3
1,2,-0.6863467802317457,3,7,4,2,6,9,0,5,6,5,1,5,56,2
1,3,2.002152553967379,1,2,0,1,6,17,2,4,12,5,0,3,35,4
0,2,-0.3889601463361618,1,5,2,0,9,1,0,5,24,15,1,3,11,4
0,3,-0.31233218849445443,1,3,2,0,9,9,1,4,49,4,1,3,55,5
3,3,1.2835472805848236,0,4,3,1,3,15,0,5,94,11,1,1,85,4
0,2,0.3373283165255994,1,0,3,2,2,16,1,5,49,4,2,4,38,6
3,3,0.8115128884748497,3,1,3,1,6,2,2,5,99,17,2,2,76,1
0,0,-0.4058173573853984,3,4,2,2,0,3,1,0,95,3,0,4,47,1
2,3,-1.490148215614251,3,3,1,0,6,8,2,5,79,16,1,1,42,0
3,0,0.8037254707715379,3,2,3,0,5,6,2,2,67,8,0,0,87,5
3,2,0.41831638267767174,2,2,4,1,2,4,0,1,77,2,1,0,98,3
1,2,0.4577356542533744,2,3,2,1,6,13,2,1,65,19,1,4,6,2
2,3,-1.2945650201861605,3,3,4,1,1,11,1,0,32,5,0,2,47,2
2,3,0.4221999123624524,1,1,1,2,8,19,0,4,76,19,2,4,78,6
1,2,0.8834068421686283,0,6,5,1,0,9,2,4,24,8,1,5,11,1
3,3,0.8113900126963433,3,5,2,0,9,5,2,3,15,8,2,2,69,5
0,2,0.38797416566503257,3,5,2,1,7,3,2,0,32,1,1,1,0,0
3,3,0.41300815481153147,1,6,5,2,5,19,2,5,32,17,0,5,67,2
2,2,0.252353224582168,0,2,3,2,0,1,1,4,41,10,1,0,35,4
3,1,0.17994504663562907,2,6,4,0,7,13,1,2,71,13,1,2,9,5
2,1,0.035984189941295985,0,3,4,2,7,1,1,1,87,3,2,2,85,3
1,0,-0.28252425605030695,1,7,3,1,2,11,2,4,40,8,2,5,66,0
2,1,0.18532783419292997,2,1,4,2,0,6,2,5,27,15,1,2,28,3
0,1,-2.291716389854728,0,2,2,1,3,8,2,3,17,5,2,4,33,5
0,0,-1.2281649133555477,3,0,3,0,4,9,1,0,32,9,2,3,7,6
2,1,-1.1474673593089815,0,0,1,0,4,18,0,2,36,4,1,0,88,4
2,0,-1.3743173454519428,1,2,1,1,7,8,1,0,55,12,1,3,84,6
3,3,0.341248006661267,3,1,0,2,8,2,2,4,30,17,1,5,6,1
3,3,2.0126568512847616,3,1,4,2,4,12,2,1,87,17,1,4,14,4
0,2,-0.7040474896591842,1,0,4,1,0,12,0,5,34,7,2,4,28,3
1,2,-0.8000955173114515,2,2,5,2,2,13,0,0,57,0,1,3,38,1
2,1,-0.3429016106178251,2,3,0,1,1,18,1,5,39,11,2,1,91,5
0,3,2.0566972224387765,3,1,5,0,6,2,2,1,24,19,2,5,36,4
2,0,-1.8918245755057614,1,1,1,2,2,8,0,4,61,5,2,5,12,2
3,3,0.9477840758828896,0,4,5,0,8,0,2,3,57,9,0,0,49,2
1,2,-1.8644513809588794,1,1,2,1,2,9,2,0,4,2,1,2,62,2
2,3,2.2079964527333584,0,7,3,2,4,1,1,3,85,2,2,4,74,0
3,0,-0.4050470934150235,1,1,5,0,7,3,2,0,96,4,1,0,89,5
3,3,-0.5900341753597198,0,6,1,0,0,14,1,3,32,4,2,4,22,3
0,3,-0.10097367571679632,0,4,4,1,6,9,2,5,43,5,1,0,92,1
2,2,2.4262162069143125,1,7,3,0,4,6,1,2,80,2,2,0,29,0
1,2,-1.5061842301877113,1,2,5,0,1,8,0,5,74,9,2,2,17,0
1,2,-0.11412366034582301,0,2,4,1,6,17,0,2,88,17,0,4,20,1
1,0,1.2253661933862754,0,1,2,2,7,17,2,2,25,13,1,2,62,6
1,1,-0.26888657952742434,1,4,4,2,5,17,2,3,11,1,0,3,54,0
2,2,-0.4799119287041568,1,6,1,0,8,10,1,3,78,16,1,5,1,5
2,1,-0.9594599587841383,2,4,3,0,0,15,2,0,37,7,2,1,48,6
2,3,-1.0406373910395628,2,2,1,1,2,5,2,0,40,18,0,4,48,5
2,1,0.11270817336610217,2,4,1,1,7,9,2,5,63,4,0,5,66,3
3,2,1.4395778826836152,0,5,1,0,7,10,1,3,7,7,2,0,21,4
1,0,0.10227922046806735,2,4,2,2,7,11,0,1,24,15,0,0,93,1
3,1,-0.8815340618816022,0,1,2,0,8,0,0,3,83,9,1,1,1,3
2,3,-0.5502689177297945,3,3,1,0,9,14,0,2,42,19,0,5,75,5
0,2,-0.1544684437879972,0,2,4,2,9,11,2,2,5,10,1,3,36,3
3,1,0.07656579961986214,1,0,1,1,9,4,1,5,4,1,2,5,60,2
3,2,0.3538239276187719,0,5,0,2,7,12,0,5,95,14,1,2,54,1
0,0,-1.9582346388030765,2,2,0,2,2,3,1,3,46,15,2,0,54,0
3,3,-0.5084991031503514,0,2,3,2,9,17,1,5,84,3,1,0,85,5
2,3,1.0163938668184935,2,7,4,2,7,9,0,5,32,14,1,5,61,6
0,1,-0.34743964606866806,0,6,1,1,2,13,0,0,6,16,0,0,78,0
0,2,1.0774395060726447,2,7,0,1,2,1,0,0,85,1,2,0,68,2
0,3,-0.899703661764515,3,6,1,2,2,2,1,1,59,12,1,0,32,2
0,3,1.9731826067320453,0,2,3,1,2,5,2,1,86,5,0,4,44,1
1,2,0.9702237840695301,2,3,3,2,6,2,1,5,11,4,0,3,41,2
0,3,0.2285647722242235,2,1,4,1,4,11,1,0,0,3,2,5,81,1
1,2,-1.2330300805038992,2,3,4,1,2,2,0,1,13,0,2,4,54,2
1,3,0.4136848458648104,2,0,4,0,4,2,0,1,53,13,0,5,18,0
2,1,0.6182288013468508,1,1,3,2,2,6,0,2,4,3,1,3,62,1
1,1,1.580224924800801,2,0,1,1,2,4,2,2,0,10,0,4,50,3
3,2,1.9269963505559593,0,4,2,0,4,8,2,5,22,7,0,3,63,1
0,3,0.5929410280690579,2,3,1,2,0,3,2,2,51,3,2,4,10,6
2,0,0.37730449649976694,0,7,5,2,2,19,0,5,5,3,2,5,61,1
2,0,-1.3497360787904253,3,7,3,2,2,1,2,3,61,13,1,1,40,4
2,2,0.17514407437988733,0,6,3,1,0,17,1,2,11,9,2,1,60,4
3,2,-0.26618450653672426,1,5,3,2,8,18,1,0,46,10,1,5,33,2
2,1,0.5745707228396414,3,2,4,2,7,7,1,3,14,3,1,3,85,6
1,2,0.3595852667379444,0,6,3,1,0,12,0,3,99,19,2,2,4,2
0,2,0.5101103735530569,2,4,1,0,8,15,2,2,2,16,2,4,52,5
3,0,-1.0595201954576583,2,7,1,0,2,1,2,2,36,11,2,3,79,4
1,2,-0.7545013668368591,3,7,0,1,0,17,2,0,18,12,2,2,44,4
3,0,-0.09712410140030991,2,7,1,1,4,9,1,1,22,5,1,5,11,0
1,2,0.4042478541841827,1,2,2,2,1,3,1,1,38,14,1,0,16,4
1,1,-1.3826589622510745,1,5,4,0,7,3,1,0,42,9,2,2,97,6
0,2,-0.10090286994224833,3,0,1,0,7,14,0,0,70,6,1,0,75,5
3,0,-0.06114154084978611,2,6,5,1,1,0,2,2,44,14,1,0,69,6
1,1,-0.6225356737263377,3,1,3,2,6,4,0,5,87,6,1,5,46,1
0,1,-1.519852271724153,2,0,1,1,4,10,2,3,88,18,0,4,1,0
3,2,1.1462595548952499,0,0,1,2,3,7,2,5,8,11,1,3,20,1
2,0,-0.13932645924631223,0,7,3,2,0,13,2,4,58,12,1,3,76,4
0,0,-0.5876563912732964,1,1,4,1,9,14,1,0,1,1,2,2,74,0
2,2,-0.45528734409414623,3,0,2,1,6,14,1,4,2,1,1,3,80,0
0,1,-0.11624123326714943,3,2,4,0,7,0,2,2,52,8,2,1,28,5
0,3,-0.022047559151076552,2,5,2,1,1,8,0,2,29,16,2,5,65,4
1,1,-0.1292971190452195,1,7,1,0,8,1,2,1,27,4,0,3,74,1
3,0,-0.7978774983694825,3,7,5,2,1,10,2,3,61,12,1,0,80,3
1,3,1.3914754354455146,3,0,5,1,5,14,2,5,89,0,2,0,42,3
1,1,0.5534208335371084,0,6,4,2,2,7,0,4,97,8,0,4,49,3
1,2,-0.32816227213481725,3,5,1,1,6,17,1,3,74,15,2,0,26,6
0,1,-0.5265875892402326,1,7,2,2,9,12,2,0,23,8,1,3,6,2
0,3,-1.0423759143582854,1,2,3,0,6,5,2,3,4,1,1,4,38,4
0,2,-1.4359755376520258,1,5,3,1,8,8,0,1,44,6,1,4,50,2
1,1,-0.25228615822423084,2,3,1,2,9,5,2,0,91,15,2,0,92,6
0,0,0.22176802416661934,0,4,2,1,5,14,1,5,94,13,0,4,52,3
3,3,1.4894178482238005,2,1,2,1,8,1,1,3,5,16,2,4,32,3
1,1,-0.1321254215147543,0,1,3,0,0,14,1,1,45,4,2,0,86,1
1,0,0.32043724663558815,0,7,0,2,0,15,1,5,77,7,0,2,25,4
2,2,-0.25784046094554197,2,7,2,1,6,8,0,5,43,7,2,2,82,4
1,3,-0.8808629919904168,0,5,0,1,7,17,0,2,24,19,2,1,90,3
2,2,-1.4690462940932505,2,0,4,1,9,10,1,1,54,18,1,0,93,3
3,3,-0.5181539929917658,2,6,3,1,4,13,2,1,21,12,1,5,62,4
2,0,-0.7136231508793807,2,7,2,0,1,11,2,3,5,16,1,1,61,6
3,3,-0.7754101479437083,2,3,3,0,3,4,0,1,65,13,0,1,31,6
1,0,0.3268801332403735,3,2,2,2,7,17,1,5,83,13,2,4,2,3
3,3,2.7165899176056,2,1,0,2,6,13,0,0,0,17,2,1,40,1
1,2,0.934209133805175,0,4,0,0,4,15,1,1,63,12,0,3,97,5
0,3,0.2050392399403148,0,2,0,1,4,15,0,2,77,0,0,4,99,0
1,3,0.3411601005103966,0,1,5,0,1,13,1,2,15,10,1,3,58,4
0,2,1.592221261949917,1,1,1,2,4,9,2,1,94,10,1,3,78,2
3,2,0.26358041728675097,2,5,2,1,2,17,0,4,34,3,2,5,58,3
2,2,2.5541128222006533,2,4,4,2,4,13,1,1,64,6,2,5,35,6
2,3,-1.5617016286734822,2,1,0,0,1,5,0,0,56,9,0,1,29,4
3,3,0.2343675638417032,2,6,0,2,9,16,0,2,1,18,0,3,62,6
3,1,1.0421691110039852,3,0,3,0,0,18,2,2,77,9,0,2,7,2
3,1,-1.0744138862216717,3,0,2,1,2,12,0,5,93,2,0,5,1,1
2,0,-0.5410627340007178,0,7,4,1,5,14,2,0,60,17,0,2,89,3
2,2,-0.7746158051353268,2,4,0,0,5,17,0,5,72,0,2,2,14,5
0,3,-1.1447931278950818,3,3,3,0,6,2,2,5,13,19,2,2,10,1
1,3,-0.7004826083234474,3,5,1,1,1,10,1,1,46,10,2,2,0,0
2,3,-0.23213265927879628,0,1,4,0,3,15,0,1,4,2,0,1,52,5
0,3,-1.9699250331518268,0,4,2,2,2,5,1,2,49,11,1,4,28,1
3,3,1.1010973299981264,3,7,1,0,9,4,2,1,65,5,0,0,6,0
3,2,1.644308030292766,1,1,5,1,2,13,2,0,95,3,0,0,22,0
2,2,-0.7152565133895685,0,4,2,1,1,0,2,0,77,3,1,1,58,6
3,0,1.7914930672558744,3,1,1,0,3,12,1,5,54,5,1,3,61,3
0,1,-0.3462937249100977,2,6,0,2,8,10,2,0,57,17,0,5,82,4
0,3,-0.4978332135387046,0,0,3,0,7,5,2,3,24,9,0,0,97,5
3,0,0.9456047850560865,3,7,2,2,2,10,0,3,24,9,2,5,57,5
1,2,1.2857256635212582,1,4,2,1,4,16,2,1,30,19,1,2,75,5
2,1,-0.5924622459665864,0,6,1,0,9,13,2,1,10,7,1,5,87,3
1,2,-0.779880005632411,1,4,4,2,2,18,0,4,14,14,0,3,15,5
3,3,1.2962395569921648,1,7,2,2,7,3,0,1,58,15,0,4,11,6
2,1,-0.874239277526816,3,4,1,1,3,8,0,5,3,16,2,4,72,2
3,0,-0.7959510484997324,0,7,0,0,6,0,2,2,31,10,2,1,81,1
1,0,1.7639607969107771,0,5,1,1,8,6,1,2,59,9,1,2,75,1
0,2,0.47234276688247084,0,1,4,2,5,16,2,5,69,19,2,1,43,2
3,1,0.20322856266790118,0,4,3,1,5,12,1,4,63,14,2,2,8,2
0,0,-0.14761736777426862,3,5,3,1,5,14,1,3,56,3,2,0,53,0
0,3,0.5017649203640488,0,2,2,0,7,12,0,5,11,1,1,2,88,0
0,0,-0.6793250177508364,3,4,2,1,0,18,2,3,36,18,2,5,87,1
3,2,0.530458270329377,1,5,2,0,6,17,2,0,93,5,1,4,33,1
3,0,1.9524150406511178,2,0,0,0,2,2,2,2,80,7,1,0,70,2
1,0,0.4621120547478063,1,2,4,0,5,11,1,4,71,16,0,2,11,0
2,2,1.259172040838742,1,4,4,1,3,13,1,4,50,18,0,3,14,1
2,0,0.33740338354280797,1,7,3,1,7,16,2,5,60,18,0,0,60,3
2,3,-0.5949888654852011,3,1,1,1,9,6,1,4,56,14,2,0,13,6
1,0,2.0525281308990104,2,6,0,1,7,0,1,4,94,4,0,0,89,6
2,3,-2.1833869595807203,1,6,3,1,6,17,1,2,50,6,0,0,92,0
0,0,-0.3268300048294914,2,1,0,2,8,7,1,5,74,7,2,2,47,5
0,2,0.8551088603401681,1,5,4,0,9,17,0,3,84,9,1,3,53,6
3,0,0.24305089544939448,1,7,5,2,6,15,2,5,16,1,1,4,33,3
2,0,0.5253002888941779,1,7,1,2,8,11,1,1,4,5,0,4,9,6
1,3,-1.7330921877324408,3,0,2,2,2,10,0,2,88,10,2,4,0,6
0,0,-1.6856741043943637,3,1,2,0,5,1,0,4,80,13,0,0,43,1
1,0,-0.7183727172085458,0,4,3,1,2,6,0,3,15,8,0,2,48,3
2,0,-0.8140037986720156,1,2,5,0,0,4,0,5,51,6,1,4,48,4
2,2,2.0142319241788242,2,7,5,0,9,9,0,5,29,10,1,3,76,2
2,3,2.9773990849126974,3,4,2,0,2,19,1,4,44,16,1,0,31,3
1,2,1.7949609631726846,2,7,2,0,5,5,0,4,21,16,0,1,78,4
2,0,-1.4723721502366494,3,6,2,1,7,18,2,0,23,6,2,1,81,2
0,3,1.4257726513030982,1,1,0,0,1,1,2,0,50,3,2,4,89,0
3,3,-0.4548897285188695,2,7,0,1,8,6,1,4,32,4,0,0,60,4
0,3,1.2791777511676143,3,1,4,1,5,2,0,2,28,14,1,3,95,6
3,0,-0.6178002968336799,3,2,2,0,6,0,0,4,88,11,0,0,38,0
0,3,-0.4931273367482624,2,3,3,2,3,8,2,4,87,12,2,5,93,3
0,2,0.8158056104311584,0,6,2,0,5,16,0,1,54,18,0,4,31,2
1,1,0.2548071831604577,3,4,1,2,9,0,2,3,48,13,1,0,57,2
1,2,-0.65762668601656,1,4,1,1,9,17,1,5,24,4,1,4,79,2
0,3,-1.2314626005315914,3,4,2,2,0,18,2,1,63,7,0,2,18,5
1,1,-1.633906170840325,0,1,5,1,2,15,1,0,3,13,1,4,93,5
0,3,-1.12371904055544,0,3,5,0,8,18,0,4,6,19,2,5,99,5
1,1,-1.2786593738207135,2,4,5,0,3,10,2,2,4,16,1,3,34,4
0,2,0.9331014748135285,2,1,5,1,7,7,0,1,83,15,0,4,67,5
2,1,-0.9486017320106951,1,0,1,2,4,16,1,3,55,5,0,3,89,3
3,1,0.1400733264985779,3,0,1,2,9,3,0,1,56,14,1,4,4,0
2,0,-0.2887461683346599,3,7,0,0,5,13,2,5,30,14,1,2,42,3
3,2,-0.4040839521038684,1,2,1,1,2,17,1,0,7,0,0,2,37,0
3,3,1.2251559272571,0,6,1,1,8,4,2,1,46,10,1,0,22,6
2,1,0.06928710533721687,1,1,0,1,0,13,1,5,26,17,2,1,52,0
3,2,-0.27640675830441924,3,4,5,2,4,2,1,1,32,14,0,3,82,6
1,2,0.49171309920066203,0,5,0,1,7,4,1,3,8,9,1,5,46,3
0,0,-0.22941974718733021,0,0,1,0,5,4,0,4,44,3,0,0,19,2
3,3,0.286939220644439,3,7,0,0,1,15,1,5,7,9,2,4,86,6
3,0,-0.4103156033431584,0,3,0,1,4,5,1,2,96,18,2,5,11,6
0,0,-0.7735260264336548,2,0,2,0,4,11,2,5,24,4,0,5,83,2
1,0,0.3182706250268449,3,7,0,0,9,0,1,2,86,11,0,3,34,1
2,3,0.19208792966351623,2,5,2,1,1,9,0,1,44,8,0,5,97,0
2,3,-0.7046764733481002,2,7,0,0,9,14,0,3,80,4,0,1,99,5
3,2,-1.8588024749650385,3,0,5,1,6,10,1,2,55,1,1,2,49,1
2,3,-0.7422446675281792,0,7,3,2,3,16,2,1,73,18,1,4,22,3
2,2,0.49476004452445554,2,0,5,2,4,2,1,1,24,14,1,5,65,4
1,0,-0.6163634502652798,3,7,3,0,8,7,1,2,91,15,2,1,7,2
1,2,-1.6098146586609205,1,1,1,0,2,14,1,1,30,18,0,5,19,2
1,3,-0.2512431369393296,0,3,5,1,7,12,2,1,72,5,2,1,58,3
2,3,1.4826142683622352,3,3,1,0,4,15,0,4,76,0,0,3,55,2
2,3,-0.5564173399918616,3,5,1,1,6,1,0,3,63,17,2,5,50,4
3,1,-0.5867015607152477,1,4,3,1,7,17,1,5,51,3,1,3,37,0
3,1,1.1887597636793708,1,0,2,0,0,15,0,4,63,12,0,1,92,5
0,3,0.539874116800734,0,2,1,1,9,19,1,3,48,9,2,5,11,5
2,1,0.5753470318579553,2,0,3,0,8,16,2,2,76,10,2,0,1,1
3,2,-0.9696067717154696,3,3,5,2,2,12,0,5,56,12,0,1,55,4
2,0,-0.0749072148787521,1,3,0,1,8,15,0,5,67,14,1,4,76,3
3,0,1.2517053632557722,3,4,1,1,1,6,0,3,35,11,0,2,7,0
3,2,-0.26093050626500464,3,4,1,1,8,6,0,1,81,8,0,2,25,1
2,0,2.1404841169081634,1,6,4,1,2,3,2,3,2,2,0,4,72,0
0,1,1.8407985371433355,3,4,0,0,8,10,0,3,3,1,0,5,48,3
2,0,0.10524765505509444,2,5,4,0,6,10,0,4,5,15,1,4,91,1
1,3,1.2559175683799146,0,1,4,1,7,8,1,0,24,18,1,1,80,1
2,0,1.2138076725642533,0,1,2,0,5,6,0,5,4,5,1,4,6,3
0,1,0.6907510761064013,3,0,3,2,7,13,1,4,82,4,0,1,42,3
0,3,0.8225179109978218,1,5,5,2,9,13,1,2,96,9,2,4,27,1
0,1,1.0610662972333755,2,4,4,1,6,17,0,0,50,4,0,3,25,0
2,1,0.05749224666863667,0,1,3,2,5,15,2,5,80,17,2,5,99,5
3,3,0.5834804947442066,1,2,4,0,8,0,1,5,20,16,1,5,0,3
2,1,-0.03235314453115766,0,2,0,2,6,4,2,4,20,2,2,2,58,0
0,1,-0.18213780662989376,3,7,4,1,9,19,1,0,38,8,1,4,24,5
0,0,0.12344695198630626,2,6,2,0,3,12,0,1,40,19,0,2,71,3
0,1,1.4998438795886244,1,1,4,2,5,16,1,4,11,9,0,5,1,6
0,3,-0.6571921076994154,3,7,2,2,4,1,1,0,69,2,2,2,82,3
0,2,2.0279636195935606,0,1,5,1,1,6,1,4,15,0,0,3,36,3
1,1,0.0005475226018617515,3,7,0,0,1,19,1,0,58,12,2,2,2,1
3,3,-1.1210559897790842,2,2,4,1,7,13,1,5,81,11,0,3,28,0
2,0,-2.6852287733895444,2,2,3,0,9,4,1,3,36,10,1,5,18,5
3,3,0.5653053279658256,1,1,0,1,4,2,2,2,61,1,0,4,95,0
0,1,-1.0834487165673359,2,7,5,0,0,9,2,1,79,13,1,1,24,0
3,2,1.7870103960326928,3,3,2,1,5,18,1,1,85,13,0,2,13,5
1,3,-0.7164670352985906,3,4,4,2,3,9,2,5,96,1,0,4,68,6
0,1,0.7312790553952265,3,0,2,2,3,18,2,4,87,16,0,2,31,6
3,3,0.33480786665390205,1,5,3,1,7,13,1,2,85,5,1,1,35,4
1,2,0.7547273491067819,1,6,4,1,3,2,2,2,15,3,0,3,29,3
2,0,-1.1947141054245387,2,2,5,0,3,4,2,0,32,9,0,0,27,1
2,0,0.8505382205013299,0,7,1,0,9,19,2,1,15,2,1,2,82,5
2,3,0.854025680382774,3,6,5,0,3,2,2,5,36,0,1,3,73,0
1,2,1.0447836009655618,3,0,4,2,3,7,2,3,16,3,1,1,54,0
1,3,-1.472571885269038,3,0,1,2,4,10,1,3,36,11,2,2,97,4
3,2,-1.5921799116770734,1,0,4,0,0,14,1,1,78,13,1,5,8,5
1,1,-0.6833276478025526,2,4,3,1,7,2,1,4,79,7,2,3,57,4
1,0,0.9726845318001506,3,0,1,2,2,8,0,4,84,6,0,5,31,6
1,3,0.46237004531450515,1,2,2,0,4,18,1,2,74,17,2,2,93,4
1,2,0.3022548310867619,2,6,3,0,0,15,1,4,25,17,1,4,0,3
3,2,-0.8316389250030692,2,7,5,0,2,9,0,3,0,14,2,1,64,6
1,1,-1.201020152208991,1,0,2,0,1,10,0,2,61,5,2,2,67,1
0,0,-0.04092641312926115,3,1,1,0,8,10,1,4,46,3,0,4,1,3
2,1,0.15605217711737387,1,5,4,1,5,3,0,3,50,13,2,1,75,3
2,2,-1.2915849548008889,2,4,4,0,1,12,1,0,40,3,2,1,79,0
1,1,-1.42956340225777,2,4,4,2,1,16,2,3,59,2,2,0,4,5
0,3,0.23837526227680747,1,4,5,0,2,13,1,3,45,13,1,1,11,6
3,1,-1.1365390419538983,1,2,2,2,3,9,0,2,70,16,2,0,10,2
3,2,-0.7858599488239079,3,5,3,0,5,19,2,5,52,10,1,2,46,4
0,0,-1.0145083545692632,1,0,1,0,9,13,2,0,12,3,1,3,52,6
1,3,0.7809436147235146,0,6,0,1,4,15,2,1,8,8,1,1,72,4
0,3,1.7722622166616797,2,0,4,1,2,1,0,2,17,19,0,1,11,0
2,0,1.6363254916980616,1,6,1,1,1,10,1,0,78,13,2,4,18,2
1,3,-0.2894007043574904,0,4,3,0,3,3,2,5,3,15,0,0,90,2
2,0,0.49513925977438994,0,3,3,0,2,13,0,3,37,3,0,4,90,0
2,1,-0.5261813029629016,1,4,2,2,0,3,2,0,31,6,0,2,77,1
1,1,-0.4781047768506046,1,2,4,1,8,11,1,0,37,19,0,5,88,4
2,0,-0.6086840298375549,1,7,0,1,9,6,1,4,60,13,2,4,35,6
3,0,0.9356217136046651,1,5,0,0,1,4,1,4,96,14,1,0,89,4
3,0,-1.1077841580435248,0,6,2,2,7,16,2,2,98,14,2,5,57,5
1,0,0.378711594143632,0,7,4,0,6,11,2,1,74,13,1,2,97,5
1,2,-0.36070481041892866,2,4,0,2,2,0,2,0,77,6,1,4,39,2
3,2,0.5499521288378484,1,1,3,1,9,15,2,1,11,4,1,1,52,6
0,1,0.8105316323736349,2,1,4,2,7,14,0,3,47,14,1,0,11,1
1,2,1.7181423565510339,2,2,4,0,3,0,2,4,62,6,2,5,98,6
1,3,-0.916103087439652,0,1,0,0,6,2,2,2,80,15,0,5,39,2
3,1,-2.310522447094091,3,4,3,2,9,15,0,5,53,3,0,4,47,5
2,1,-2.0745273671757816,1,4,2,1,9,6,2,2,85,15,1,4,83,3
2,3,0.0018165938118127828,2,6,3,0,7,11,0,4,3,17,2,0,90,1
2,1,-0.03805103968349356,1,7,4,1,6,13,2,4,37,2,0,1,34,4
1,3,-0.8950565461749674,0,1,1,0,8,11,0,3,74,6,2,1,69,6
2,3,0.25369604446952476,0,4,2,2,5,14,0,1,77,11,0,2,86,2
1,2,-0.08247100499680779,3,0,1,1,9,4,0,5,84,14,0,5,40,1
1,0,0.7132852242209295,2,4,5,0,7,6,2,1,75,18,0,2,72,4
1,0,-0.4690221197556326,2,2,3,1,4,8,2,1,94,16,2,3,75,6
3,1,0.6609139788466057,3,0,2,1,3,8,1,3,24,12,1,1,24,2
0,1,0.3092539831816689,0,3,0,1,5,12,2,4,17,17,2,3,61,3
3,2,-0.1682911587403701,3,6,5,2,3,18,1,5,89,17,1,5,18,6
0,2,-0.9960296826007501,3,7,5,0,3,6,1,1,14,18,2,4,50,1
2,3,0.4505773680603495,2,6,1,0,6,0,0,4,56,6,0,0,78,6
1,2,1.1522949709032122,1,7,5,1,1,13,0,2,20,5,0,2,1,4
0,3,-0.7392900695807556,2,4,2,1,1,19,2,0,3,15,0,5,87,2
1,2,-0.21649506808476435,1,3,3,0,1,12,1,5,18,14,2,3,8,1
1,1,0.29070095453104194,0,0,3,0,0,11,2,3,27,16,1,5,81,3
1,0,0.030639836506901757,2,6,4,1,2,11,1,2,9,11,1,5,30,4
1,1,0.5542560850768851,2,0,3,1,9,1,2,3,39,4,1,4,83,5
3,3,-1.6860336804952258,0,7,1,2,5,19,1,2,99,16,2,1,93,2
2,2,0.45675171666507497,2,0,1,0,3,14,1,5,81,16,2,3,45,0
0,0,-0.43327354459616657,1,1,3,2,6,3,2,4,8,18,0,0,99,1
1,1,0.8485668797772185,3,3,1,2,5,2,0,3,57,16,2,0,45,2
3,1,-0.5839399721882962,2,1,4,2,4,12,0,4,86,6,1,1,5,1
3,3,-0.8065308361693948,2,4,2,2,3,2,2,2,81,19,1,5,16,3
1,1,-0.8834365271883909,1,5,0,1,8,18,0,0,68,5,0,5,52,1
2,2,2.801902984049654,3,2,2,1,5,5,0,0,68,11,2,3,51,6
3,0,0.3088782255616133,2,3,2,2,6,3,2,4,12,2,2,1,72,1
1,3,0.24524782397014033,0,3,4,2,8,7,2,4,28,2,2,0,98,1
3,3,0.41613414462804427,0,6,1,1,8,17,2,3,29,16,1,3,45,4
0,0,0.08335002223374109,2,1,1,1,2,16,0,1,96,19,2,0,23,6
3,0,0.06417199625646057,2,7,2,1,2,19,1,4,15,8,1,4,11,3
0,3,-0.2701377458866226,3,7,3,2,8,12,0,5,42,15,0,3,24,0
0,1,0.903891130760481,3,6,0,1,3,1,1,3,58,0,1,3,34,4
0,1,0.09409379612480585,0,4,1,2,8,8,1,3,2,19,1,3,75,3
0,2,-0.2645070876149929,2,3,3,2,4,5,2,0,46,11,1,0,74,5
0,1,0.7573576044931788,0,6,2,2,8,13,0,5,78,13,0,0,85,2
2,2,0.2751017808836523,1,0,3,0,0,4,2,3,64,14,2,2,48,1
2,1,0.226651510563322,3,5,2,2,1,12,2,1,98,12,1,1,93,3
2,0,-1.088085897809336,2,2,1,1,1,2,1,4,51,10,2,4,2,4
2,1,0.6686307849628167,1,1,2,0,1,6,0,5,43,13,1,3,60,4
1,1,-0.31667918736299727,1,3,0,2,0,16,0,1,63,19,2,0,35,4
3,3,-0.2596625291064637,0,4,2,2,1,16,0,3,68,8,2,5,42,0
0,1,0.05729465232446941,2,3,4,2,1,2,2,4,65,13,0,1,93,4
2,2,1.2283799964173938,3,6,4,1,4,2,1,2,13,1,2,1,51,0
0,3,1.2067961181741527,1,0,0,0,7,9,0,1,99,1,1,4,59,1
1,2,-0.644476843274842,3,0,0,2,3,1,2,0,41,11,1,3,59,6
1,2,1.6758527732613175,0,1,0,2,6,13,2,2,2,6,2,5,56,0
0,2,1.3525928469011779,1,4,4,2,0,19,2,0,66,13,0,5,83,2
2,3,-0.25325406404389433,3,6,0,0,7,16,2,4,71,16,0,5,84,3
3,1,-0.6916562365197197,0,7,3,2,9,5,1,1,82,17,0,3,98,1
1,2,-1.3661780005159112,2,2,1,1,5,11,1,1,62,6,0,0,37,3
3,3,1.0074984531098599,0,6,0,0,7,8,1,1,48,15,2,5,75,1
2,2,0.4207598608824589,0,2,1,0,5,5,0,1,36,19,1,4,52,6
2,1,1.5405564655248485,2,3,3,1,1,4,1,5,81,12,2,0,74,6
1,1,0.2710382328363564,3,6,3,1,9,16,1,3,94,9,0,5,38,0
2,0,0.4313102986870131,3,0,0,2,8,9,0,3,81,18,0,0,57,0
1,0,1.1078018155822793,0,0,0,0,6,18,1,3,97,10,1,3,98,3
2,2,1.538311860145095,1,6,3,1,5,0,1,5,58,17,0,1,36,6
2,0,0.33703032448464887,3,6,0,0,7,13,2,3,14,12,0,4,13,3
0,2,-0.2404040132283161,3,5,5,2,6,1,0,5,91,5,1,4,9,3
0,3,-2.0584462224363724,3,5,5,1,3,2,0,5,33,9,1,5,13,4
0,3,0.3786442262678119,2,0,0,1,6,17,2,3,63,4,1,5,85,0
3,3,-0.02420299019619969,3,2,4,1,1,13,0,0,0,3,0,2,98,0
2,2,0.12084923338990573,2,4,5,1,3,10,0,3,62,1,0,2,0,6
2,1,0.2870350050269994,3,1,3,0,4,9,1,0,33,2,1,4,38,6
2,2,-0.921528928884883,1,3,1,0,0,8,1,1,64,4,1,1,19,4
1,3,1.0158274540243264,3,4,5,0,3,16,1,4,15,11,0,1,28,5
0,1,-0.5309255236652459,1,0,2,2,0,1,1,3,92,17,0,3,79,5
3,0,-2.1403212692055975,3,2,1,1,6,12,2,1,56,16,2,2,36,2
0,2,0.8107431873044049,0,2,2,0,9,18,2,4,74,11,0,3,5,4
1,3,-0.0036721421112888113,0,0,2,2,7,7,0,2,64,12,2,2,18,0
0,1,-0.7216363594086711,2,0,0,0,8,6,1,3,32,19,0,1,94,6
2,0,0.04087231448282342,3,5,5,0,6,11,0,1,92,2,1,5,57,4
2,2,-0.29800279925734996,1,3,0,2,4,11,2,4,0,13,2,3,41,0
0,3,-0.7140455696803654,1,1,2,0,4,13,0,4,59,2,1,5,39,5
1,0,1.6889784675842106,0,2,1,0,8,16,1,0,59,0,2,5,46,3
1,0,-1.4531248082421209,0,5,3,1,4,12,1,3,36,15,2,4,78,1
0,0,0.5269110180589519,1,7,3,0,9,19,1,1,16,4,1,3,67,1
3,3,-1.4092351323898566,0,4,0,2,0,17,2,4,65,0,1,0,17,5
2,1,0.4051745004368146,3,0,5,2,3,3,0,3,56,0,0,2,21,4
2,2,-0.4966985391304368,2,1,1,1,4,19,1,5,56,14,1,3,22,0
3,2,0.7774500449292099,2,5,2,2,1,2,2,5,25,16,1,0,41,3
3,3,0.3646595331862379,0,0,2,1,6,6,0,2,94,16,2,0,99,0
2,3,0.9418297655781727,1,0,5,0,3,15,0,5,66,9,2,4,85,4
1,3,0.5117143694283823,1,7,1,2,8,3,1,4,82,10,2,5,44,6
3,2,-1.3022599389393605,0,3,4,1,4,18,1,0,37,18,2,4,32,1
3,2,0.25453149452601515,0,7,5,1,2,8,0,2,5,2,0,1,22,2
3,3,-0.3032572373588093,0,4,5,2,2,16,2,1,73,3,2,1,29,6
2,1,1.6742957773134282,0,3,0,1,6,11,0,4,65,4,2,5,80,6
2,3,-0.5306370262822039,3,4,0,2,2,2,2,1,28,12,2,5,0,5
1,0,-0.8831813600557369,0,1,5,1,4,15,1,4,31,7,1,2,27,0
2,2,-0.14649641251451215,0,1,1,2,0,12,1,1,63,9,1,1,13,1
3,1,-0.6581802631782009,3,4,0,1,6,3,1,3,20,3,2,4,97,2
3,0,-0.963045093186122,2,3,1,2,1,16,0,2,58,8,1,2,35,6
1,1,2.0401045708446324,2,2,5,1,3,1,2,0,0,17,1,5,71,5
0,1,0.00912505282285703,2,1,3,0,0,19,0,4,39,0,0,1,65,1
3,3,-0.14285539317150378,1,1,1,2,4,15,0,2,98,19,0,3,24,1
2,1,1.5902677308922493,3,6,1,1,2,1,1,2,93,18,2,0,26,3
3,3,-0.3979516872034467,0,7,2,0,2,11,1,1,83,7,0,3,99,1
2,2,2.0635190889956627,0,0,3,0,7,18,2,0,16,19,0,0,84,1
2,2,0.8812446002828943,2,0,5,2,8,12,0,5,85,2,2,0,13,4
0,2,0.255299110654776,0,3,1,0,3,16,1,3,91,12,2,0,79,2
1,0,-0.46831095742209494,3,3,2,1,6,15,1,4,17,2,1,3,36,4
1,3,-1.167565907652319,1,2,1,2,4,4,1,4,61,7,0,4,16,6
2,3,1.3615700165410056,0,7,1,1,7,1,1,5,26,0,1,2,59,5
1,3,-1.3197903122440415,2,3,1,0,0,1,0,5,61,12,1,1,19,6
3,0,0.9757847823349219,2,2,0,2,9,18,0,4,32,3,0,0,72,0
1,3,-0.23390899232586113,3,1,3,0,5,6,1,0,58,1,1,0,35,6
1,2,-1.3841123941397793,3,7,1,2,9,8,2,2,18,6,1,5,34,2
1,1,1.6125704770187552,3,2,4,2,3,9,0,2,90,4,2,0,20,4
1,2,1.2116520023300335,1,1,0,1,1,12,0,0,0,8,0,1,55,1
2,3,0.0817760524509561,1,6,3,2,0,11,1,0,58,18,1,3,40,1
2,1,-0.9347179580756575,2,4,3,2,9,0,2,1,68,2,0,3,9,5
0,2,-1.2720924438732388,0,5,4,1,6,3,2,0,32,3,1,0,87,5
3,3,-0.04878897893454294,3,7,2,0,8,12,0,0,63,12,2,1,27,2
0,1,0.11155444452356984,0,4,2,1,7,7,1,4,56,16,1,0,74,0
1,1,-0.05686894941917472,3,5,5,2,4,6,2,3,29,18,2,2,17,2
3,0,-1.9562910738680772,1,0,5,0,2,12,1,2,43,10,1,4,59,6
0,0,0.19923555957062636,3,5,5,2,2,1,2,5,55,6,0,4,72,3
0,1,-1.7855627513479697,0,3,4,2,7,3,1,0,4,7,2,5,30,0
0,0,1.2326354318576258,3,1,2,2,6,15,1,3,5,1,0,1,7,1
0,3,-0.9032168115749395,0,0,5,2,3,10,2,4,26,3,2,3,75,0
2,2,-1.4437723182939766,2,3,4,1,2,8,1,4,68,12,0,5,89,4
1,2,0.5171352427347174,3,2,4,2,1,13,0,4,55,18,0,5,47,3
1,0,1.7731869909739755,2,2,2,2,6,10,2,2,46,1,0,3,55,1
3,0,0.6527883373409645,3,5,5,1,2,10,0,4,56,17,0,3,43,4
2,3,-2.2030754517564923,0,4,5,0,7,7,2,2,66,3,2,5,85,6
0,0,0.9898373015818169,2,0,5,0,7,4,1,0,87,0,0,5,12,6
3,3,0.7007879259388845,3,7,5,0,2,2,0,3,52,12,1,1,41,5
3,1,-0.39817358154856236,1,1,3,0,7,9,2,3,95,16,2,4,43,6
3,2,-0.4472126380726554,2,2,3,1,5,14,1,2,15,19,0,5,12,0
1,1,-1.4929532564674368,1,4,5,2,4,7,1,5,6,7,0,4,53,6
2,0,-2.055516470712126,1,0,4,0,0,7,1,3,51,12,2,0,82,4
2,0,1.2602584067751914,1,7,5,1,1,7,1,0,65,6,1,5,95,2
2,1,0.21069171189083882,1,6,5,0,0,2,2,2,82,12,2,0,28,2
2,2,-0.9060720239284584,0,2,4,2,3,16,2,0,70,8,0,5,45,4
3,0,-1.6664213288795475,2,7,5,2,5,13,1,5,33,14,0,2,77,0
1,2,1.5073881806189866,0,2,2,1,0,17,0,5,41,13,1,3,45,0
2,3,-0.8322968791418022,3,2,2,2,8,8,0,2,92,8,1,4,10,4
0,3,-1.7226934578939745,2,1,4,2,3,4,1,5,71,3,2,1,9,4
2,3,-0.6596727835835846,3,6,4,0,5,3,2,0,38,2,1,2,81,1
0,3,0.6289989922987301,2,4,4,0,2,3,0,5,49,3,2,2,62,1
1,1,0.028806434235233668,0,5,0,1,8,6,0,0,18,6,1,2,45,5
0,0,-0.4085926922730859,0,2,2,0,3,17,0,3,48,10,1,5,73,1
3,2,1.5687150911731667,3,2,1,2,6,9,2,2,28,10,0,3,43,3
0,2,1.3904846234677417,1,1,0,2,6,6,0,1,77,0,0,1,61,3
1,0,-1.8261635502892677,2,6,0,1,0,19,2,3,5,18,0,4,66,5
1,0,0.43990604453803267,2,3,2,2,7,16,1,3,23,4,2,5,48,4
3,3,0.052743537199864354,0,0,4,0,7,15,0,3,29,8,1,3,51,0
1,2,-1.7428073284766727,1,2,2,1,6,14,1,1,18,7,2,0,97,5
0,2,0.3276474534398813,1,3,2,1,0,16,2,5,75,14,1,0,46,1
2,1,-1.0334821443928404,2,7,1,0,1,12,1,5,2,13,0,1,30,5
0,2,-2.0057853575841875,0,4,1,2,9,13,0,1,5,2,1,0,43,5
0,2,0.10054644598381314,0,2,0,1,1,12,2,4,15,9,0,2,84,4
3,2,-0.15821398858703983,0,4,3,0,1,10,0,3,32,5,0,2,8,0
2,1,-0.0873789975999654,3,7,0,2,2,0,1,1,76,10,2,1,3,1
2,0,-0.043465159580961525,1,3,0,0,3,5,0,4,99,12,0,3,14,2
0,0,-0.5360613765753626,1,5,4,0,1,12,1,1,74,13,2,2,34,3
1,1,-1.8058649240289337,1,1,4,1,7,3,1,0,8,4,1,5,0,6
0,1,1.8908328702200432,0,1,0,1,1,7,1,0,21,5,2,0,90,1
3,1,0.23405367788481285,1,2,4,1,9,8,1,0,32,5,1,3,71,2
1,3,-0.9115344175626531,2,0,2,1,2,1,0,0,25,6,1,3,7,3
1,1,-1.8053572901357657,2,5,0,0,4,10,1,5,34,11,2,2,90,2
0,3,1.1153455423011498,0,5,1,1,5,7,2,3,37,13,0,0,49,1
1,0,-0.26886977325131933,3,7,0,2,8,7,2,5,44,4,2,3,76,6
2,2,-0.18653188111178082,2,2,3,1,7,17,2,1,81,4,1,0,6,2
1,3,-2.853026824087501,2,3,1,2,5,15,1,0,87,6,0,2,28,3
3,1,1.4378534798817424,2,1,0,1,4,15,0,3,0,18,0,0,64,0
1,0,1.0366762333994044,0,7,5,2,5,15,0,3,64,8,2,0,71,4
1,2,0.5247919413134338,0,4,3,0,3,9,0,4,34,16,1,0,28,5
0,2,-1.0459608952518935,0,7,5,2,5,2,2,5,8,10,1,4,40,4
3,2,-0.5632319488800954,3,5,4,0,4,14,1,2,54,18,1,5,81,5
2,3,0.2797867148173455,1,4,3,1,9,17,0,2,45,18,0,2,20,4
1,3,-0.9587460403923312,3,6,4,2,0,7,1,1,7,9,2,5,28,6
3,1,-0.4031077871475884,2,3,0,1,3,3,2,0,7,17,0,2,20,6
